{
    "variants": 
    {
        "burning=false,facing=north": { "model": "gtww:advanced_furnace" },
        "burning=false,facing=east": { "model": "gtww:advanced_furnace", "y": 90 },
        "burning=false,facing=south": { "model": "gtww:advanced_furnace", "y": 180 },
        "burning=false,facing=west": { "model": "gtww:advanced_furnace", "y": 270 },
        "burning=true,facing=north": { "model": "gtww:lit_advanced_furnace" },
        "burning=true,facing=east": { "model": "gtww:lit_advanced_furnace", "y": 90 },
        "burning=true,facing=south": { "model": "gtww:lit_advanced_furnace", "y": 180 },
        "burning=true,facing=west": { "model": "gtww:lit_advanced_furnace", "y":270  }
    }
}