{   
    "ambientocclusion": false,
    "textures": {
        "particle": "gtww:armour/strangehat"
    },
    "elements": [
        {   "__comment": "shape16",
            "from": [ -6, 16, -5 ],
            "to": [ 4, 19, 5 ],
            "rotation": {
                "origin": [ 0, 19, 0 ],
                "axis": "z",
                "angle": 0.0,
                "rescale": false
            },
            "shade": true,
            "faces": {
                "down":  { "uv": [ 9.875, 0.0, 8.625, 1.25 ], "texture": "#particle" },
                "up":  { "uv": [ 8.625, 1.25, 7.375, 0.0 ], "texture": "#particle" },
                "north":  { "uv": [ 7.375, 1.25, 8.625, 1.625 ], "texture": "#particle" },
                "south":  { "uv": [ 9.875, 1.25, 11.125, 1.625 ], "texture": "#particle" },
                "west":  { "uv": [ 8.625, 1.25, 9.875, 1.625 ], "texture": "#particle" },
                "east":  { "uv": [ 6.125, 1.25, 7.375, 1.625 ], "texture": "#particle" }
            }
        },
        {   "__comment": "shape15",
            "from": [ -8, 15, -8 ],
            "to": [ 8, 16, 8 ],
            "rotation": {
                "origin": [ 0, 24, 0 ],
                "axis": "z",
                "angle": 0.0,
                "rescale": false
            },
            "shade": true,
            "faces": {
                "down":  { "uv": [ 6.0, 8.375, 4.0, 10.375 ], "texture": "#particle" },
                "up":  { "uv": [ 4.0, 10.375, 2.0, 8.375 ], "texture": "#particle" },
                "north":  { "uv": [ 2.0, 10.375, 4.0, 10.5 ], "texture": "#particle" },
                "south":  { "uv": [ 6.0, 10.375, 8.0, 10.5 ], "texture": "#particle" },
                "west":  { "uv": [ 4.0, 10.375, 6.0, 10.5 ], "texture": "#particle" },
                "east":  { "uv": [ 0.0, 10.375, 2.0, 10.5 ], "texture": "#particle" }
            }
        }
    ]
}
