{
	"credit": "Made with Blockbench",
	"texture_size": [48, 48],
	"textures": {
		"0": "gtww:items/strangesword"
	},
	"elements": [
		{
			"from": [13, 0, 0],
			"to": [14, 1, 1],
			"rotation": {"angle": 0, "axis": "y", "origin": [15, 0, 0]},
			"faces": {
				"north": {"uv": [7, 12.33333, 7.33333, 12.66667], "texture": "#0"},
				"east": {"uv": [6.66667, 12.33333, 7, 12.66667], "texture": "#0"},
				"south": {"uv": [7.66667, 12.33333, 8, 12.66667], "texture": "#0"},
				"west": {"uv": [7.33333, 12.33333, 7.66667, 12.66667], "texture": "#0"},
				"up": {"uv": [7.33333, 12.33333, 7, 12], "texture": "#0"},
				"down": {"uv": [7.66667, 12, 7.33333, 12.33333], "texture": "#0"}
			}
		},
		{
			"from": [15, 0, 1],
			"to": [16, 1, 2],
			"rotation": {"angle": 0, "axis": "y", "origin": [15, 0, 1]},
			"faces": {
				"north": {"uv": [5.33333, 12.33333, 5.66667, 12.66667], "texture": "#0"},
				"east": {"uv": [5, 12.33333, 5.33333, 12.66667], "texture": "#0"},
				"south": {"uv": [6, 12.33333, 6.33333, 12.66667], "texture": "#0"},
				"west": {"uv": [5.66667, 12.33333, 6, 12.66667], "texture": "#0"},
				"up": {"uv": [5.66667, 12.33333, 5.33333, 12], "texture": "#0"},
				"down": {"uv": [6, 12, 5.66667, 12.33333], "texture": "#0"}
			}
		},
		{
			"from": [14, 0, 1],
			"to": [15, 1, 2],
			"rotation": {"angle": 0, "axis": "y", "origin": [14, 0, 1]},
			"faces": {
				"north": {"uv": [3.66667, 12.33333, 4, 12.66667], "texture": "#0"},
				"east": {"uv": [3.33333, 12.33333, 3.66667, 12.66667], "texture": "#0"},
				"south": {"uv": [4.33333, 12.33333, 4.66667, 12.66667], "texture": "#0"},
				"west": {"uv": [4, 12.33333, 4.33333, 12.66667], "texture": "#0"},
				"up": {"uv": [4, 12.33333, 3.66667, 12], "texture": "#0"},
				"down": {"uv": [4.33333, 12, 4, 12.33333], "texture": "#0"}
			}
		},
		{
			"from": [13, 0, 1],
			"to": [14, 1, 2],
			"rotation": {"angle": 0, "axis": "y", "origin": [13, 0, 1]},
			"faces": {
				"north": {"uv": [2, 12.33333, 2.33333, 12.66667], "texture": "#0"},
				"east": {"uv": [1.66667, 12.33333, 2, 12.66667], "texture": "#0"},
				"south": {"uv": [2.66667, 12.33333, 3, 12.66667], "texture": "#0"},
				"west": {"uv": [2.33333, 12.33333, 2.66667, 12.66667], "texture": "#0"},
				"up": {"uv": [2.33333, 12.33333, 2, 12], "texture": "#0"},
				"down": {"uv": [2.66667, 12, 2.33333, 12.33333], "texture": "#0"}
			}
		},
		{
			"from": [14, 0, 2],
			"to": [15, 1, 3],
			"rotation": {"angle": 0, "axis": "y", "origin": [14, 0, 2]},
			"faces": {
				"north": {"uv": [0.33333, 12.33333, 0.66667, 12.66667], "texture": "#0"},
				"east": {"uv": [0, 12.33333, 0.33333, 12.66667], "texture": "#0"},
				"south": {"uv": [1, 12.33333, 1.33333, 12.66667], "texture": "#0"},
				"west": {"uv": [0.66667, 12.33333, 1, 12.66667], "texture": "#0"},
				"up": {"uv": [0.66667, 12.33333, 0.33333, 12], "texture": "#0"},
				"down": {"uv": [1, 12, 0.66667, 12.33333], "texture": "#0"}
			}
		},
		{
			"from": [12, 0, 0],
			"to": [13, 1, 1],
			"rotation": {"angle": 0, "axis": "y", "origin": [12, 0, 0]},
			"faces": {
				"north": {"uv": [12, 11.33333, 12.33333, 11.66667], "texture": "#0"},
				"east": {"uv": [11.66667, 11.33333, 12, 11.66667], "texture": "#0"},
				"south": {"uv": [12.66667, 11.33333, 13, 11.66667], "texture": "#0"},
				"west": {"uv": [12.33333, 11.33333, 12.66667, 11.66667], "texture": "#0"},
				"up": {"uv": [12.33333, 11.33333, 12, 11], "texture": "#0"},
				"down": {"uv": [12.66667, 11, 12.33333, 11.33333], "texture": "#0"}
			}
		},
		{
			"from": [15, 0, 3],
			"to": [16, 1, 4],
			"rotation": {"angle": 0, "axis": "y", "origin": [15, 0, 3]},
			"faces": {
				"north": {"uv": [10.33333, 11.33333, 10.66667, 11.66667], "texture": "#0"},
				"east": {"uv": [10, 11.33333, 10.33333, 11.66667], "texture": "#0"},
				"south": {"uv": [11, 11.33333, 11.33333, 11.66667], "texture": "#0"},
				"west": {"uv": [10.66667, 11.33333, 11, 11.66667], "texture": "#0"},
				"up": {"uv": [10.66667, 11.33333, 10.33333, 11], "texture": "#0"},
				"down": {"uv": [11, 11, 10.66667, 11.33333], "texture": "#0"}
			}
		},
		{
			"from": [13, 0, 2],
			"to": [14, 1, 3],
			"rotation": {"angle": 0, "axis": "y", "origin": [13, 0, 2]},
			"faces": {
				"north": {"uv": [8.66667, 11.33333, 9, 11.66667], "texture": "#0"},
				"east": {"uv": [8.33333, 11.33333, 8.66667, 11.66667], "texture": "#0"},
				"south": {"uv": [9.33333, 11.33333, 9.66667, 11.66667], "texture": "#0"},
				"west": {"uv": [9, 11.33333, 9.33333, 11.66667], "texture": "#0"},
				"up": {"uv": [9, 11.33333, 8.66667, 11], "texture": "#0"},
				"down": {"uv": [9.33333, 11, 9, 11.33333], "texture": "#0"}
			}
		},
		{
			"from": [12, 0, 1],
			"to": [13, 1, 2],
			"rotation": {"angle": 0, "axis": "y", "origin": [12, 0, 1]},
			"faces": {
				"north": {"uv": [7, 11.33333, 7.33333, 11.66667], "texture": "#0"},
				"east": {"uv": [6.66667, 11.33333, 7, 11.66667], "texture": "#0"},
				"south": {"uv": [7.66667, 11.33333, 8, 11.66667], "texture": "#0"},
				"west": {"uv": [7.33333, 11.33333, 7.66667, 11.66667], "texture": "#0"},
				"up": {"uv": [7.33333, 11.33333, 7, 11], "texture": "#0"},
				"down": {"uv": [7.66667, 11, 7.33333, 11.33333], "texture": "#0"}
			}
		},
		{
			"from": [14, 0, 3],
			"to": [15, 1, 4],
			"rotation": {"angle": 0, "axis": "y", "origin": [14, 0, 3]},
			"faces": {
				"north": {"uv": [5.33333, 11.33333, 5.66667, 11.66667], "texture": "#0"},
				"east": {"uv": [5, 11.33333, 5.33333, 11.66667], "texture": "#0"},
				"south": {"uv": [6, 11.33333, 6.33333, 11.66667], "texture": "#0"},
				"west": {"uv": [5.66667, 11.33333, 6, 11.66667], "texture": "#0"},
				"up": {"uv": [5.66667, 11.33333, 5.33333, 11], "texture": "#0"},
				"down": {"uv": [6, 11, 5.66667, 11.33333], "texture": "#0"}
			}
		},
		{
			"from": [12, 0, 2],
			"to": [13, 1, 3],
			"rotation": {"angle": 0, "axis": "y", "origin": [12, 0, 2]},
			"faces": {
				"north": {"uv": [3.66667, 11.33333, 4, 11.66667], "texture": "#0"},
				"east": {"uv": [3.33333, 11.33333, 3.66667, 11.66667], "texture": "#0"},
				"south": {"uv": [4.33333, 11.33333, 4.66667, 11.66667], "texture": "#0"},
				"west": {"uv": [4, 11.33333, 4.33333, 11.66667], "texture": "#0"},
				"up": {"uv": [4, 11.33333, 3.66667, 11], "texture": "#0"},
				"down": {"uv": [4.33333, 11, 4, 11.33333], "texture": "#0"}
			}
		},
		{
			"from": [13, 0, 3],
			"to": [14, 1, 4],
			"rotation": {"angle": 0, "axis": "y", "origin": [13, 0, 3]},
			"faces": {
				"north": {"uv": [2, 11.33333, 2.33333, 11.66667], "texture": "#0"},
				"east": {"uv": [1.66667, 11.33333, 2, 11.66667], "texture": "#0"},
				"south": {"uv": [2.66667, 11.33333, 3, 11.66667], "texture": "#0"},
				"west": {"uv": [2.33333, 11.33333, 2.66667, 11.66667], "texture": "#0"},
				"up": {"uv": [2.33333, 11.33333, 2, 11], "texture": "#0"},
				"down": {"uv": [2.66667, 11, 2.33333, 11.33333], "texture": "#0"}
			}
		},
		{
			"from": [12, 0, 3],
			"to": [13, 1, 4],
			"rotation": {"angle": 0, "axis": "y", "origin": [12, 0, 3]},
			"faces": {
				"north": {"uv": [0.33333, 11.33333, 0.66667, 11.66667], "texture": "#0"},
				"east": {"uv": [0, 11.33333, 0.33333, 11.66667], "texture": "#0"},
				"south": {"uv": [1, 11.33333, 1.33333, 11.66667], "texture": "#0"},
				"west": {"uv": [0.66667, 11.33333, 1, 11.66667], "texture": "#0"},
				"up": {"uv": [0.66667, 11.33333, 0.33333, 11], "texture": "#0"},
				"down": {"uv": [1, 11, 0.66667, 11.33333], "texture": "#0"}
			}
		},
		{
			"from": [11, 0, 1],
			"to": [12, 1, 2],
			"rotation": {"angle": 0, "axis": "y", "origin": [11, 0, 1]},
			"faces": {
				"north": {"uv": [12, 10.33333, 12.33333, 10.66667], "texture": "#0"},
				"east": {"uv": [11.66667, 10.33333, 12, 10.66667], "texture": "#0"},
				"south": {"uv": [12.66667, 10.33333, 13, 10.66667], "texture": "#0"},
				"west": {"uv": [12.33333, 10.33333, 12.66667, 10.66667], "texture": "#0"},
				"up": {"uv": [12.33333, 10.33333, 12, 10], "texture": "#0"},
				"down": {"uv": [12.66667, 10, 12.33333, 10.33333], "texture": "#0"}
			}
		},
		{
			"from": [14, 0, 4],
			"to": [15, 1, 5],
			"rotation": {"angle": 0, "axis": "y", "origin": [14, 0, 4]},
			"faces": {
				"north": {"uv": [10.33333, 10.33333, 10.66667, 10.66667], "texture": "#0"},
				"east": {"uv": [10, 10.33333, 10.33333, 10.66667], "texture": "#0"},
				"south": {"uv": [11, 10.33333, 11.33333, 10.66667], "texture": "#0"},
				"west": {"uv": [10.66667, 10.33333, 11, 10.66667], "texture": "#0"},
				"up": {"uv": [10.66667, 10.33333, 10.33333, 10], "texture": "#0"},
				"down": {"uv": [11, 10, 10.66667, 10.33333], "texture": "#0"}
			}
		},
		{
			"from": [11, 0, 2],
			"to": [12, 1, 3],
			"rotation": {"angle": 0, "axis": "y", "origin": [11, 0, 2]},
			"faces": {
				"north": {"uv": [8.66667, 10.33333, 9, 10.66667], "texture": "#0"},
				"east": {"uv": [8.33333, 10.33333, 8.66667, 10.66667], "texture": "#0"},
				"south": {"uv": [9.33333, 10.33333, 9.66667, 10.66667], "texture": "#0"},
				"west": {"uv": [9, 10.33333, 9.33333, 10.66667], "texture": "#0"},
				"up": {"uv": [9, 10.33333, 8.66667, 10], "texture": "#0"},
				"down": {"uv": [9.33333, 10, 9, 10.33333], "texture": "#0"}
			}
		},
		{
			"from": [11, 0, 3],
			"to": [12, 1, 4],
			"rotation": {"angle": 0, "axis": "y", "origin": [11, 0, 3]},
			"faces": {
				"north": {"uv": [7, 10.33333, 7.33333, 10.66667], "texture": "#0"},
				"east": {"uv": [6.66667, 10.33333, 7, 10.66667], "texture": "#0"},
				"south": {"uv": [7.66667, 10.33333, 8, 10.66667], "texture": "#0"},
				"west": {"uv": [7.33333, 10.33333, 7.66667, 10.66667], "texture": "#0"},
				"up": {"uv": [7.33333, 10.33333, 7, 10], "texture": "#0"},
				"down": {"uv": [7.66667, 10, 7.33333, 10.33333], "texture": "#0"}
			}
		},
		{
			"from": [13, 0, 4],
			"to": [14, 1, 5],
			"rotation": {"angle": 0, "axis": "y", "origin": [13, 0, 4]},
			"faces": {
				"north": {"uv": [5.33333, 10.33333, 5.66667, 10.66667], "texture": "#0"},
				"east": {"uv": [5, 10.33333, 5.33333, 10.66667], "texture": "#0"},
				"south": {"uv": [6, 10.33333, 6.33333, 10.66667], "texture": "#0"},
				"west": {"uv": [5.66667, 10.33333, 6, 10.66667], "texture": "#0"},
				"up": {"uv": [5.66667, 10.33333, 5.33333, 10], "texture": "#0"},
				"down": {"uv": [6, 10, 5.66667, 10.33333], "texture": "#0"}
			}
		},
		{
			"from": [12, 0, 4],
			"to": [13, 1, 5],
			"rotation": {"angle": 0, "axis": "y", "origin": [12, 0, 4]},
			"faces": {
				"north": {"uv": [3.66667, 10.33333, 4, 10.66667], "texture": "#0"},
				"east": {"uv": [3.33333, 10.33333, 3.66667, 10.66667], "texture": "#0"},
				"south": {"uv": [4.33333, 10.33333, 4.66667, 10.66667], "texture": "#0"},
				"west": {"uv": [4, 10.33333, 4.33333, 10.66667], "texture": "#0"},
				"up": {"uv": [4, 10.33333, 3.66667, 10], "texture": "#0"},
				"down": {"uv": [4.33333, 10, 4, 10.33333], "texture": "#0"}
			}
		},
		{
			"from": [11, 0, 4],
			"to": [12, 1, 5],
			"rotation": {"angle": 0, "axis": "y", "origin": [11, 0, 4]},
			"faces": {
				"north": {"uv": [2, 10.33333, 2.33333, 10.66667], "texture": "#0"},
				"east": {"uv": [1.66667, 10.33333, 2, 10.66667], "texture": "#0"},
				"south": {"uv": [2.66667, 10.33333, 3, 10.66667], "texture": "#0"},
				"west": {"uv": [2.33333, 10.33333, 2.66667, 10.66667], "texture": "#0"},
				"up": {"uv": [2.33333, 10.33333, 2, 10], "texture": "#0"},
				"down": {"uv": [2.66667, 10, 2.33333, 10.33333], "texture": "#0"}
			}
		},
		{
			"from": [10, 0, 2],
			"to": [11, 1, 3],
			"rotation": {"angle": 0, "axis": "y", "origin": [10, 0, 2]},
			"faces": {
				"north": {"uv": [0.33333, 10.33333, 0.66667, 10.66667], "texture": "#0"},
				"east": {"uv": [0, 10.33333, 0.33333, 10.66667], "texture": "#0"},
				"south": {"uv": [1, 10.33333, 1.33333, 10.66667], "texture": "#0"},
				"west": {"uv": [0.66667, 10.33333, 1, 10.66667], "texture": "#0"},
				"up": {"uv": [0.66667, 10.33333, 0.33333, 10], "texture": "#0"},
				"down": {"uv": [1, 10, 0.66667, 10.33333], "texture": "#0"}
			}
		},
		{
			"from": [10, 0, 3],
			"to": [11, 1, 4],
			"rotation": {"angle": 0, "axis": "y", "origin": [10, 0, 3]},
			"faces": {
				"north": {"uv": [12, 9.33333, 12.33333, 9.66667], "texture": "#0"},
				"east": {"uv": [11.66667, 9.33333, 12, 9.66667], "texture": "#0"},
				"south": {"uv": [12.66667, 9.33333, 13, 9.66667], "texture": "#0"},
				"west": {"uv": [12.33333, 9.33333, 12.66667, 9.66667], "texture": "#0"},
				"up": {"uv": [12.33333, 9.33333, 12, 9], "texture": "#0"},
				"down": {"uv": [12.66667, 9, 12.33333, 9.33333], "texture": "#0"}
			}
		},
		{
			"from": [13, 0, 5],
			"to": [14, 1, 6],
			"rotation": {"angle": 0, "axis": "y", "origin": [13, 0, 5]},
			"faces": {
				"north": {"uv": [10.33333, 9.33333, 10.66667, 9.66667], "texture": "#0"},
				"east": {"uv": [10, 9.33333, 10.33333, 9.66667], "texture": "#0"},
				"south": {"uv": [11, 9.33333, 11.33333, 9.66667], "texture": "#0"},
				"west": {"uv": [10.66667, 9.33333, 11, 9.66667], "texture": "#0"},
				"up": {"uv": [10.66667, 9.33333, 10.33333, 9], "texture": "#0"},
				"down": {"uv": [11, 9, 10.66667, 9.33333], "texture": "#0"}
			}
		},
		{
			"from": [12, 0, 5],
			"to": [13, 1, 6],
			"rotation": {"angle": 0, "axis": "y", "origin": [12, 0, 5]},
			"faces": {
				"north": {"uv": [8.66667, 9.33333, 9, 9.66667], "texture": "#0"},
				"east": {"uv": [8.33333, 9.33333, 8.66667, 9.66667], "texture": "#0"},
				"south": {"uv": [9.33333, 9.33333, 9.66667, 9.66667], "texture": "#0"},
				"west": {"uv": [9, 9.33333, 9.33333, 9.66667], "texture": "#0"},
				"up": {"uv": [9, 9.33333, 8.66667, 9], "texture": "#0"},
				"down": {"uv": [9.33333, 9, 9, 9.33333], "texture": "#0"}
			}
		},
		{
			"from": [10, 0, 4],
			"to": [11, 1, 5],
			"rotation": {"angle": 0, "axis": "y", "origin": [10, 0, 4]},
			"faces": {
				"north": {"uv": [7, 9.33333, 7.33333, 9.66667], "texture": "#0"},
				"east": {"uv": [6.66667, 9.33333, 7, 9.66667], "texture": "#0"},
				"south": {"uv": [7.66667, 9.33333, 8, 9.66667], "texture": "#0"},
				"west": {"uv": [7.33333, 9.33333, 7.66667, 9.66667], "texture": "#0"},
				"up": {"uv": [7.33333, 9.33333, 7, 9], "texture": "#0"},
				"down": {"uv": [7.66667, 9, 7.33333, 9.33333], "texture": "#0"}
			}
		},
		{
			"from": [11, 0, 5],
			"to": [12, 1, 6],
			"rotation": {"angle": 0, "axis": "y", "origin": [11, 0, 5]},
			"faces": {
				"north": {"uv": [5.33333, 9.33333, 5.66667, 9.66667], "texture": "#0"},
				"east": {"uv": [5, 9.33333, 5.33333, 9.66667], "texture": "#0"},
				"south": {"uv": [6, 9.33333, 6.33333, 9.66667], "texture": "#0"},
				"west": {"uv": [5.66667, 9.33333, 6, 9.66667], "texture": "#0"},
				"up": {"uv": [5.66667, 9.33333, 5.33333, 9], "texture": "#0"},
				"down": {"uv": [6, 9, 5.66667, 9.33333], "texture": "#0"}
			}
		},
		{
			"from": [10, 0, 5],
			"to": [11, 1, 6],
			"rotation": {"angle": 0, "axis": "y", "origin": [10, 0, 5]},
			"faces": {
				"north": {"uv": [3.66667, 9.33333, 4, 9.66667], "texture": "#0"},
				"east": {"uv": [3.33333, 9.33333, 3.66667, 9.66667], "texture": "#0"},
				"south": {"uv": [4.33333, 9.33333, 4.66667, 9.66667], "texture": "#0"},
				"west": {"uv": [4, 9.33333, 4.33333, 9.66667], "texture": "#0"},
				"up": {"uv": [4, 9.33333, 3.66667, 9], "texture": "#0"},
				"down": {"uv": [4.33333, 9, 4, 9.33333], "texture": "#0"}
			}
		},
		{
			"from": [9, 0, 3],
			"to": [10, 1, 4],
			"rotation": {"angle": 0, "axis": "y", "origin": [9, 0, 3]},
			"faces": {
				"north": {"uv": [2, 9.33333, 2.33333, 9.66667], "texture": "#0"},
				"east": {"uv": [1.66667, 9.33333, 2, 9.66667], "texture": "#0"},
				"south": {"uv": [2.66667, 9.33333, 3, 9.66667], "texture": "#0"},
				"west": {"uv": [2.33333, 9.33333, 2.66667, 9.66667], "texture": "#0"},
				"up": {"uv": [2.33333, 9.33333, 2, 9], "texture": "#0"},
				"down": {"uv": [2.66667, 9, 2.33333, 9.33333], "texture": "#0"}
			}
		},
		{
			"from": [9, 0, 4],
			"to": [10, 1, 5],
			"rotation": {"angle": 0, "axis": "y", "origin": [9, 0, 4]},
			"faces": {
				"north": {"uv": [0.33333, 9.33333, 0.66667, 9.66667], "texture": "#0"},
				"east": {"uv": [0, 9.33333, 0.33333, 9.66667], "texture": "#0"},
				"south": {"uv": [1, 9.33333, 1.33333, 9.66667], "texture": "#0"},
				"west": {"uv": [0.66667, 9.33333, 1, 9.66667], "texture": "#0"},
				"up": {"uv": [0.66667, 9.33333, 0.33333, 9], "texture": "#0"},
				"down": {"uv": [1, 9, 0.66667, 9.33333], "texture": "#0"}
			}
		},
		{
			"from": [9, 0, 5],
			"to": [10, 1, 6],
			"rotation": {"angle": 0, "axis": "y", "origin": [9, 0, 5]},
			"faces": {
				"north": {"uv": [12, 8.33333, 12.33333, 8.66667], "texture": "#0"},
				"east": {"uv": [11.66667, 8.33333, 12, 8.66667], "texture": "#0"},
				"south": {"uv": [12.66667, 8.33333, 13, 8.66667], "texture": "#0"},
				"west": {"uv": [12.33333, 8.33333, 12.66667, 8.66667], "texture": "#0"},
				"up": {"uv": [12.33333, 8.33333, 12, 8], "texture": "#0"},
				"down": {"uv": [12.66667, 8, 12.33333, 8.33333], "texture": "#0"}
			}
		},
		{
			"from": [9, 0, 6],
			"to": [10, 1, 7],
			"rotation": {"angle": 0, "axis": "y", "origin": [9, 0, 6]},
			"faces": {
				"north": {"uv": [10.33333, 8.33333, 10.66667, 8.66667], "texture": "#0"},
				"east": {"uv": [10, 8.33333, 10.33333, 8.66667], "texture": "#0"},
				"south": {"uv": [11, 8.33333, 11.33333, 8.66667], "texture": "#0"},
				"west": {"uv": [10.66667, 8.33333, 11, 8.66667], "texture": "#0"},
				"up": {"uv": [10.66667, 8.33333, 10.33333, 8], "texture": "#0"},
				"down": {"uv": [11, 8, 10.66667, 8.33333], "texture": "#0"}
			}
		},
		{
			"from": [10, 0, 6],
			"to": [11, 1, 7],
			"rotation": {"angle": 0, "axis": "y", "origin": [10, 0, 6]},
			"faces": {
				"north": {"uv": [8.66667, 8.33333, 9, 8.66667], "texture": "#0"},
				"east": {"uv": [8.33333, 8.33333, 8.66667, 8.66667], "texture": "#0"},
				"south": {"uv": [9.33333, 8.33333, 9.66667, 8.66667], "texture": "#0"},
				"west": {"uv": [9, 8.33333, 9.33333, 8.66667], "texture": "#0"},
				"up": {"uv": [9, 8.33333, 8.66667, 8], "texture": "#0"},
				"down": {"uv": [9.33333, 8, 9, 8.33333], "texture": "#0"}
			}
		},
		{
			"from": [11, 0, 6],
			"to": [12, 1, 7],
			"rotation": {"angle": 0, "axis": "y", "origin": [11, 0, 6]},
			"faces": {
				"north": {"uv": [7, 8.33333, 7.33333, 8.66667], "texture": "#0"},
				"east": {"uv": [6.66667, 8.33333, 7, 8.66667], "texture": "#0"},
				"south": {"uv": [7.66667, 8.33333, 8, 8.66667], "texture": "#0"},
				"west": {"uv": [7.33333, 8.33333, 7.66667, 8.66667], "texture": "#0"},
				"up": {"uv": [7.33333, 8.33333, 7, 8], "texture": "#0"},
				"down": {"uv": [7.66667, 8, 7.33333, 8.33333], "texture": "#0"}
			}
		},
		{
			"from": [12, 0, 6],
			"to": [13, 1, 7],
			"rotation": {"angle": 0, "axis": "y", "origin": [12, 0, 6]},
			"faces": {
				"north": {"uv": [5.33333, 8.33333, 5.66667, 8.66667], "texture": "#0"},
				"east": {"uv": [5, 8.33333, 5.33333, 8.66667], "texture": "#0"},
				"south": {"uv": [6, 8.33333, 6.33333, 8.66667], "texture": "#0"},
				"west": {"uv": [5.66667, 8.33333, 6, 8.66667], "texture": "#0"},
				"up": {"uv": [5.66667, 8.33333, 5.33333, 8], "texture": "#0"},
				"down": {"uv": [6, 8, 5.66667, 8.33333], "texture": "#0"}
			}
		},
		{
			"from": [8, 0, 4],
			"to": [9, 1, 5],
			"rotation": {"angle": 0, "axis": "y", "origin": [8, 0, 4]},
			"faces": {
				"north": {"uv": [3.66667, 8.33333, 4, 8.66667], "texture": "#0"},
				"east": {"uv": [3.33333, 8.33333, 3.66667, 8.66667], "texture": "#0"},
				"south": {"uv": [4.33333, 8.33333, 4.66667, 8.66667], "texture": "#0"},
				"west": {"uv": [4, 8.33333, 4.33333, 8.66667], "texture": "#0"},
				"up": {"uv": [4, 8.33333, 3.66667, 8], "texture": "#0"},
				"down": {"uv": [4.33333, 8, 4, 8.33333], "texture": "#0"}
			}
		},
		{
			"from": [8, 0, 5],
			"to": [9, 1, 6],
			"rotation": {"angle": 0, "axis": "y", "origin": [8, 0, 5]},
			"faces": {
				"north": {"uv": [2, 8.33333, 2.33333, 8.66667], "texture": "#0"},
				"east": {"uv": [1.66667, 8.33333, 2, 8.66667], "texture": "#0"},
				"south": {"uv": [2.66667, 8.33333, 3, 8.66667], "texture": "#0"},
				"west": {"uv": [2.33333, 8.33333, 2.66667, 8.66667], "texture": "#0"},
				"up": {"uv": [2.33333, 8.33333, 2, 8], "texture": "#0"},
				"down": {"uv": [2.66667, 8, 2.33333, 8.33333], "texture": "#0"}
			}
		},
		{
			"from": [8, 0, 6],
			"to": [9, 1, 7],
			"rotation": {"angle": 0, "axis": "y", "origin": [8, 0, 6]},
			"faces": {
				"north": {"uv": [0.33333, 8.33333, 0.66667, 8.66667], "texture": "#0"},
				"east": {"uv": [0, 8.33333, 0.33333, 8.66667], "texture": "#0"},
				"south": {"uv": [1, 8.33333, 1.33333, 8.66667], "texture": "#0"},
				"west": {"uv": [0.66667, 8.33333, 1, 8.66667], "texture": "#0"},
				"up": {"uv": [0.66667, 8.33333, 0.33333, 8], "texture": "#0"},
				"down": {"uv": [1, 8, 0.66667, 8.33333], "texture": "#0"}
			}
		},
		{
			"from": [8, 0, 7],
			"to": [9, 1, 8],
			"rotation": {"angle": 0, "axis": "y", "origin": [8, 0, 7]},
			"faces": {
				"north": {"uv": [12, 7.33333, 12.33333, 7.66667], "texture": "#0"},
				"east": {"uv": [11.66667, 7.33333, 12, 7.66667], "texture": "#0"},
				"south": {"uv": [12.66667, 7.33333, 13, 7.66667], "texture": "#0"},
				"west": {"uv": [12.33333, 7.33333, 12.66667, 7.66667], "texture": "#0"},
				"up": {"uv": [12.33333, 7.33333, 12, 7], "texture": "#0"},
				"down": {"uv": [12.66667, 7, 12.33333, 7.33333], "texture": "#0"}
			}
		},
		{
			"from": [9, 0, 7],
			"to": [10, 1, 8],
			"rotation": {"angle": 0, "axis": "y", "origin": [9, 0, 7]},
			"faces": {
				"north": {"uv": [10.33333, 7.33333, 10.66667, 7.66667], "texture": "#0"},
				"east": {"uv": [10, 7.33333, 10.33333, 7.66667], "texture": "#0"},
				"south": {"uv": [11, 7.33333, 11.33333, 7.66667], "texture": "#0"},
				"west": {"uv": [10.66667, 7.33333, 11, 7.66667], "texture": "#0"},
				"up": {"uv": [10.66667, 7.33333, 10.33333, 7], "texture": "#0"},
				"down": {"uv": [11, 7, 10.66667, 7.33333], "texture": "#0"}
			}
		},
		{
			"from": [10, 0, 7],
			"to": [11, 1, 8],
			"rotation": {"angle": 0, "axis": "y", "origin": [10, 0, 7]},
			"faces": {
				"north": {"uv": [8.66667, 7.33333, 9, 7.66667], "texture": "#0"},
				"east": {"uv": [8.33333, 7.33333, 8.66667, 7.66667], "texture": "#0"},
				"south": {"uv": [9.33333, 7.33333, 9.66667, 7.66667], "texture": "#0"},
				"west": {"uv": [9, 7.33333, 9.33333, 7.66667], "texture": "#0"},
				"up": {"uv": [9, 7.33333, 8.66667, 7], "texture": "#0"},
				"down": {"uv": [9.33333, 7, 9, 7.33333], "texture": "#0"}
			}
		},
		{
			"from": [11, 0, 7],
			"to": [12, 1, 8],
			"rotation": {"angle": 0, "axis": "y", "origin": [11, 0, 7]},
			"faces": {
				"north": {"uv": [7, 7.33333, 7.33333, 7.66667], "texture": "#0"},
				"east": {"uv": [6.66667, 7.33333, 7, 7.66667], "texture": "#0"},
				"south": {"uv": [7.66667, 7.33333, 8, 7.66667], "texture": "#0"},
				"west": {"uv": [7.33333, 7.33333, 7.66667, 7.66667], "texture": "#0"},
				"up": {"uv": [7.33333, 7.33333, 7, 7], "texture": "#0"},
				"down": {"uv": [7.66667, 7, 7.33333, 7.33333], "texture": "#0"}
			}
		},
		{
			"from": [7, 0, 5],
			"to": [8, 1, 6],
			"rotation": {"angle": 0, "axis": "y", "origin": [7, 0, 5]},
			"faces": {
				"north": {"uv": [5.33333, 7.33333, 5.66667, 7.66667], "texture": "#0"},
				"east": {"uv": [5, 7.33333, 5.33333, 7.66667], "texture": "#0"},
				"south": {"uv": [6, 7.33333, 6.33333, 7.66667], "texture": "#0"},
				"west": {"uv": [5.66667, 7.33333, 6, 7.66667], "texture": "#0"},
				"up": {"uv": [5.66667, 7.33333, 5.33333, 7], "texture": "#0"},
				"down": {"uv": [6, 7, 5.66667, 7.33333], "texture": "#0"}
			}
		},
		{
			"from": [7, 0, 6],
			"to": [8, 1, 7],
			"rotation": {"angle": 0, "axis": "y", "origin": [7, 0, 6]},
			"faces": {
				"north": {"uv": [3.66667, 7.33333, 4, 7.66667], "texture": "#0"},
				"east": {"uv": [3.33333, 7.33333, 3.66667, 7.66667], "texture": "#0"},
				"south": {"uv": [4.33333, 7.33333, 4.66667, 7.66667], "texture": "#0"},
				"west": {"uv": [4, 7.33333, 4.33333, 7.66667], "texture": "#0"},
				"up": {"uv": [4, 7.33333, 3.66667, 7], "texture": "#0"},
				"down": {"uv": [4.33333, 7, 4, 7.33333], "texture": "#0"}
			}
		},
		{
			"from": [7, 0, 7],
			"to": [8, 1, 8],
			"rotation": {"angle": 0, "axis": "y", "origin": [7, 0, 7]},
			"faces": {
				"north": {"uv": [2, 7.33333, 2.33333, 7.66667], "texture": "#0"},
				"east": {"uv": [1.66667, 7.33333, 2, 7.66667], "texture": "#0"},
				"south": {"uv": [2.66667, 7.33333, 3, 7.66667], "texture": "#0"},
				"west": {"uv": [2.33333, 7.33333, 2.66667, 7.66667], "texture": "#0"},
				"up": {"uv": [2.33333, 7.33333, 2, 7], "texture": "#0"},
				"down": {"uv": [2.66667, 7, 2.33333, 7.33333], "texture": "#0"}
			}
		},
		{
			"from": [7, 0, 8],
			"to": [8, 1, 9],
			"rotation": {"angle": 0, "axis": "y", "origin": [7, 0, 8]},
			"faces": {
				"north": {"uv": [0.33333, 7.33333, 0.66667, 7.66667], "texture": "#0"},
				"east": {"uv": [0, 7.33333, 0.33333, 7.66667], "texture": "#0"},
				"south": {"uv": [1, 7.33333, 1.33333, 7.66667], "texture": "#0"},
				"west": {"uv": [0.66667, 7.33333, 1, 7.66667], "texture": "#0"},
				"up": {"uv": [0.66667, 7.33333, 0.33333, 7], "texture": "#0"},
				"down": {"uv": [1, 7, 0.66667, 7.33333], "texture": "#0"}
			}
		},
		{
			"from": [8, 0, 8],
			"to": [9, 1, 9],
			"rotation": {"angle": 0, "axis": "y", "origin": [8, 0, 8]},
			"faces": {
				"north": {"uv": [12, 6.33333, 12.33333, 6.66667], "texture": "#0"},
				"east": {"uv": [11.66667, 6.33333, 12, 6.66667], "texture": "#0"},
				"south": {"uv": [12.66667, 6.33333, 13, 6.66667], "texture": "#0"},
				"west": {"uv": [12.33333, 6.33333, 12.66667, 6.66667], "texture": "#0"},
				"up": {"uv": [12.33333, 6.33333, 12, 6], "texture": "#0"},
				"down": {"uv": [12.66667, 6, 12.33333, 6.33333], "texture": "#0"}
			}
		},
		{
			"from": [9, 0, 8],
			"to": [10, 1, 9],
			"rotation": {"angle": 0, "axis": "y", "origin": [9, 0, 8]},
			"faces": {
				"north": {"uv": [10.33333, 6.33333, 10.66667, 6.66667], "texture": "#0"},
				"east": {"uv": [10, 6.33333, 10.33333, 6.66667], "texture": "#0"},
				"south": {"uv": [11, 6.33333, 11.33333, 6.66667], "texture": "#0"},
				"west": {"uv": [10.66667, 6.33333, 11, 6.66667], "texture": "#0"},
				"up": {"uv": [10.66667, 6.33333, 10.33333, 6], "texture": "#0"},
				"down": {"uv": [11, 6, 10.66667, 6.33333], "texture": "#0"}
			}
		},
		{
			"from": [10, 0, 8],
			"to": [11, 1, 9],
			"rotation": {"angle": 0, "axis": "y", "origin": [10, 0, 8]},
			"faces": {
				"north": {"uv": [8.66667, 6.33333, 9, 6.66667], "texture": "#0"},
				"east": {"uv": [8.33333, 6.33333, 8.66667, 6.66667], "texture": "#0"},
				"south": {"uv": [9.33333, 6.33333, 9.66667, 6.66667], "texture": "#0"},
				"west": {"uv": [9, 6.33333, 9.33333, 6.66667], "texture": "#0"},
				"up": {"uv": [9, 6.33333, 8.66667, 6], "texture": "#0"},
				"down": {"uv": [9.33333, 6, 9, 6.33333], "texture": "#0"}
			}
		},
		{
			"from": [3, 0, 6],
			"to": [4, 1, 7],
			"rotation": {"angle": 0, "axis": "y", "origin": [3, 0, 6]},
			"faces": {
				"north": {"uv": [7, 6.33333, 7.33333, 6.66667], "texture": "#0"},
				"east": {"uv": [6.66667, 6.33333, 7, 6.66667], "texture": "#0"},
				"south": {"uv": [7.66667, 6.33333, 8, 6.66667], "texture": "#0"},
				"west": {"uv": [7.33333, 6.33333, 7.66667, 6.66667], "texture": "#0"},
				"up": {"uv": [7.33333, 6.33333, 7, 6], "texture": "#0"},
				"down": {"uv": [7.66667, 6, 7.33333, 6.33333], "texture": "#0"}
			}
		},
		{
			"from": [4, 0, 7],
			"to": [5, 1, 8],
			"rotation": {"angle": 0, "axis": "y", "origin": [4, 0, 7]},
			"faces": {
				"north": {"uv": [5.33333, 6.33333, 5.66667, 6.66667], "texture": "#0"},
				"east": {"uv": [5, 6.33333, 5.33333, 6.66667], "texture": "#0"},
				"south": {"uv": [6, 6.33333, 6.33333, 6.66667], "texture": "#0"},
				"west": {"uv": [5.66667, 6.33333, 6, 6.66667], "texture": "#0"},
				"up": {"uv": [5.66667, 6.33333, 5.33333, 6], "texture": "#0"},
				"down": {"uv": [6, 6, 5.66667, 6.33333], "texture": "#0"}
			}
		},
		{
			"from": [5, 0, 8],
			"to": [6, 1, 9],
			"rotation": {"angle": 0, "axis": "y", "origin": [5, 0, 8]},
			"faces": {
				"north": {"uv": [3.66667, 6.33333, 4, 6.66667], "texture": "#0"},
				"east": {"uv": [3.33333, 6.33333, 3.66667, 6.66667], "texture": "#0"},
				"south": {"uv": [4.33333, 6.33333, 4.66667, 6.66667], "texture": "#0"},
				"west": {"uv": [4, 6.33333, 4.33333, 6.66667], "texture": "#0"},
				"up": {"uv": [4, 6.33333, 3.66667, 6], "texture": "#0"},
				"down": {"uv": [4.33333, 6, 4, 6.33333], "texture": "#0"}
			}
		},
		{
			"from": [6, 0, 9],
			"to": [7, 1, 10],
			"rotation": {"angle": 0, "axis": "y", "origin": [6, 0, 9]},
			"faces": {
				"north": {"uv": [2, 6.33333, 2.33333, 6.66667], "texture": "#0"},
				"east": {"uv": [1.66667, 6.33333, 2, 6.66667], "texture": "#0"},
				"south": {"uv": [2.66667, 6.33333, 3, 6.66667], "texture": "#0"},
				"west": {"uv": [2.33333, 6.33333, 2.66667, 6.66667], "texture": "#0"},
				"up": {"uv": [2.33333, 6.33333, 2, 6], "texture": "#0"},
				"down": {"uv": [2.66667, 6, 2.33333, 6.33333], "texture": "#0"}
			}
		},
		{
			"from": [7, 0, 10],
			"to": [8, 1, 11],
			"rotation": {"angle": 0, "axis": "y", "origin": [7, 0, 10]},
			"faces": {
				"north": {"uv": [0.33333, 6.33333, 0.66667, 6.66667], "texture": "#0"},
				"east": {"uv": [0, 6.33333, 0.33333, 6.66667], "texture": "#0"},
				"south": {"uv": [1, 6.33333, 1.33333, 6.66667], "texture": "#0"},
				"west": {"uv": [0.66667, 6.33333, 1, 6.66667], "texture": "#0"},
				"up": {"uv": [0.66667, 6.33333, 0.33333, 6], "texture": "#0"},
				"down": {"uv": [1, 6, 0.66667, 6.33333], "texture": "#0"}
			}
		},
		{
			"from": [8, 0, 11],
			"to": [9, 1, 12],
			"rotation": {"angle": 0, "axis": "y", "origin": [8, 0, 11]},
			"faces": {
				"north": {"uv": [12, 5.33333, 12.33333, 5.66667], "texture": "#0"},
				"east": {"uv": [11.66667, 5.33333, 12, 5.66667], "texture": "#0"},
				"south": {"uv": [12.66667, 5.33333, 13, 5.66667], "texture": "#0"},
				"west": {"uv": [12.33333, 5.33333, 12.66667, 5.66667], "texture": "#0"},
				"up": {"uv": [12.33333, 5.33333, 12, 5], "texture": "#0"},
				"down": {"uv": [12.66667, 5, 12.33333, 5.33333], "texture": "#0"}
			}
		},
		{
			"from": [9, 0, 12],
			"to": [10, 1, 13],
			"rotation": {"angle": 0, "axis": "y", "origin": [9, 0, 12]},
			"faces": {
				"north": {"uv": [10.33333, 5.33333, 10.66667, 5.66667], "texture": "#0"},
				"east": {"uv": [10, 5.33333, 10.33333, 5.66667], "texture": "#0"},
				"south": {"uv": [11, 5.33333, 11.33333, 5.66667], "texture": "#0"},
				"west": {"uv": [10.66667, 5.33333, 11, 5.66667], "texture": "#0"},
				"up": {"uv": [10.66667, 5.33333, 10.33333, 5], "texture": "#0"},
				"down": {"uv": [11, 5, 10.66667, 5.33333], "texture": "#0"}
			}
		},
		{
			"from": [10, 0, 13],
			"to": [11, 1, 14],
			"rotation": {"angle": 0, "axis": "y", "origin": [10, 0, 13]},
			"faces": {
				"north": {"uv": [8.66667, 5.33333, 9, 5.66667], "texture": "#0"},
				"east": {"uv": [8.33333, 5.33333, 8.66667, 5.66667], "texture": "#0"},
				"south": {"uv": [9.33333, 5.33333, 9.66667, 5.66667], "texture": "#0"},
				"west": {"uv": [9, 5.33333, 9.33333, 5.66667], "texture": "#0"},
				"up": {"uv": [9, 5.33333, 8.66667, 5], "texture": "#0"},
				"down": {"uv": [9.33333, 5, 9, 5.33333], "texture": "#0"}
			}
		},
		{
			"from": [2, 0, 5],
			"to": [3, 1, 6],
			"rotation": {"angle": 0, "axis": "y", "origin": [2, 0, 5]},
			"faces": {
				"north": {"uv": [7, 5.33333, 7.33333, 5.66667], "texture": "#0"},
				"east": {"uv": [6.66667, 5.33333, 7, 5.66667], "texture": "#0"},
				"south": {"uv": [7.66667, 5.33333, 8, 5.66667], "texture": "#0"},
				"west": {"uv": [7.33333, 5.33333, 7.66667, 5.66667], "texture": "#0"},
				"up": {"uv": [7.33333, 5.33333, 7, 5], "texture": "#0"},
				"down": {"uv": [7.66667, 5, 7.33333, 5.33333], "texture": "#0"}
			}
		},
		{
			"from": [6, 0, 10],
			"to": [7, 1, 11],
			"rotation": {"angle": 0, "axis": "y", "origin": [6, 0, 10]},
			"faces": {
				"north": {"uv": [5.33333, 5.33333, 5.66667, 5.66667], "texture": "#0"},
				"east": {"uv": [5, 5.33333, 5.33333, 5.66667], "texture": "#0"},
				"south": {"uv": [6, 5.33333, 6.33333, 5.66667], "texture": "#0"},
				"west": {"uv": [5.66667, 5.33333, 6, 5.66667], "texture": "#0"},
				"up": {"uv": [5.66667, 5.33333, 5.33333, 5], "texture": "#0"},
				"down": {"uv": [6, 5, 5.66667, 5.33333], "texture": "#0"}
			}
		},
		{
			"from": [6, 0, 8],
			"to": [7, 1, 9],
			"rotation": {"angle": 0, "axis": "y", "origin": [6, 0, 8]},
			"faces": {
				"north": {"uv": [3.66667, 5.33333, 4, 5.66667], "texture": "#0"},
				"east": {"uv": [3.33333, 5.33333, 3.66667, 5.66667], "texture": "#0"},
				"south": {"uv": [4.33333, 5.33333, 4.66667, 5.66667], "texture": "#0"},
				"west": {"uv": [4, 5.33333, 4.33333, 5.66667], "texture": "#0"},
				"up": {"uv": [4, 5.33333, 3.66667, 5], "texture": "#0"},
				"down": {"uv": [4.33333, 5, 4, 5.33333], "texture": "#0"}
			}
		},
		{
			"from": [7, 0, 9],
			"to": [8, 1, 10],
			"rotation": {"angle": 0, "axis": "y", "origin": [7, 0, 9]},
			"faces": {
				"north": {"uv": [2, 5.33333, 2.33333, 5.66667], "texture": "#0"},
				"east": {"uv": [1.66667, 5.33333, 2, 5.66667], "texture": "#0"},
				"south": {"uv": [2.66667, 5.33333, 3, 5.66667], "texture": "#0"},
				"west": {"uv": [2.33333, 5.33333, 2.66667, 5.66667], "texture": "#0"},
				"up": {"uv": [2.33333, 5.33333, 2, 5], "texture": "#0"},
				"down": {"uv": [2.66667, 5, 2.33333, 5.33333], "texture": "#0"}
			}
		},
		{
			"from": [8, 0, 10],
			"to": [9, 1, 11],
			"rotation": {"angle": 0, "axis": "y", "origin": [8, 0, 10]},
			"faces": {
				"north": {"uv": [0.33333, 5.33333, 0.66667, 5.66667], "texture": "#0"},
				"east": {"uv": [0, 5.33333, 0.33333, 5.66667], "texture": "#0"},
				"south": {"uv": [1, 5.33333, 1.33333, 5.66667], "texture": "#0"},
				"west": {"uv": [0.66667, 5.33333, 1, 5.66667], "texture": "#0"},
				"up": {"uv": [0.66667, 5.33333, 0.33333, 5], "texture": "#0"},
				"down": {"uv": [1, 5, 0.66667, 5.33333], "texture": "#0"}
			}
		},
		{
			"from": [9, 0, 11],
			"to": [10, 1, 12],
			"rotation": {"angle": 0, "axis": "y", "origin": [9, 0, 11]},
			"faces": {
				"north": {"uv": [12, 4.33333, 12.33333, 4.66667], "texture": "#0"},
				"east": {"uv": [11.66667, 4.33333, 12, 4.66667], "texture": "#0"},
				"south": {"uv": [12.66667, 4.33333, 13, 4.66667], "texture": "#0"},
				"west": {"uv": [12.33333, 4.33333, 12.66667, 4.66667], "texture": "#0"},
				"up": {"uv": [12.33333, 4.33333, 12, 4], "texture": "#0"},
				"down": {"uv": [12.66667, 4, 12.33333, 4.33333], "texture": "#0"}
			}
		},
		{
			"from": [10, 0, 12],
			"to": [11, 1, 13],
			"rotation": {"angle": 0, "axis": "y", "origin": [10, 0, 12]},
			"faces": {
				"north": {"uv": [10.33333, 4.33333, 10.66667, 4.66667], "texture": "#0"},
				"east": {"uv": [10, 4.33333, 10.33333, 4.66667], "texture": "#0"},
				"south": {"uv": [11, 4.33333, 11.33333, 4.66667], "texture": "#0"},
				"west": {"uv": [10.66667, 4.33333, 11, 4.66667], "texture": "#0"},
				"up": {"uv": [10.66667, 4.33333, 10.33333, 4], "texture": "#0"},
				"down": {"uv": [11, 4, 10.66667, 4.33333], "texture": "#0"}
			}
		},
		{
			"from": [5, 0, 7],
			"to": [6, 1, 8],
			"rotation": {"angle": 0, "axis": "y", "origin": [5, 0, 7]},
			"faces": {
				"north": {"uv": [8.66667, 4.33333, 9, 4.66667], "texture": "#0"},
				"east": {"uv": [8.33333, 4.33333, 8.66667, 4.66667], "texture": "#0"},
				"south": {"uv": [9.33333, 4.33333, 9.66667, 4.66667], "texture": "#0"},
				"west": {"uv": [9, 4.33333, 9.33333, 4.66667], "texture": "#0"},
				"up": {"uv": [9, 4.33333, 8.66667, 4], "texture": "#0"},
				"down": {"uv": [9.33333, 4, 9, 4.33333], "texture": "#0"}
			}
		},
		{
			"from": [4, 0, 6],
			"to": [5, 1, 7],
			"rotation": {"angle": 0, "axis": "y", "origin": [4, 0, 6]},
			"faces": {
				"north": {"uv": [7, 4.33333, 7.33333, 4.66667], "texture": "#0"},
				"east": {"uv": [6.66667, 4.33333, 7, 4.66667], "texture": "#0"},
				"south": {"uv": [7.66667, 4.33333, 8, 4.66667], "texture": "#0"},
				"west": {"uv": [7.33333, 4.33333, 7.66667, 4.66667], "texture": "#0"},
				"up": {"uv": [7.33333, 4.33333, 7, 4], "texture": "#0"},
				"down": {"uv": [7.66667, 4, 7.33333, 4.33333], "texture": "#0"}
			}
		},
		{
			"from": [3, 0, 5],
			"to": [4, 1, 6],
			"rotation": {"angle": 0, "axis": "y", "origin": [3, 0, 5]},
			"faces": {
				"north": {"uv": [5.33333, 4.33333, 5.66667, 4.66667], "texture": "#0"},
				"east": {"uv": [5, 4.33333, 5.33333, 4.66667], "texture": "#0"},
				"south": {"uv": [6, 4.33333, 6.33333, 4.66667], "texture": "#0"},
				"west": {"uv": [5.66667, 4.33333, 6, 4.66667], "texture": "#0"},
				"up": {"uv": [5.66667, 4.33333, 5.33333, 4], "texture": "#0"},
				"down": {"uv": [6, 4, 5.66667, 4.33333], "texture": "#0"}
			}
		},
		{
			"from": [6, 0, 7],
			"to": [7, 1, 8],
			"rotation": {"angle": 0, "axis": "y", "origin": [6, 0, 7]},
			"faces": {
				"north": {"uv": [3.66667, 4.33333, 4, 4.66667], "texture": "#0"},
				"east": {"uv": [3.33333, 4.33333, 3.66667, 4.66667], "texture": "#0"},
				"south": {"uv": [4.33333, 4.33333, 4.66667, 4.66667], "texture": "#0"},
				"west": {"uv": [4, 4.33333, 4.33333, 4.66667], "texture": "#0"},
				"up": {"uv": [4, 4.33333, 3.66667, 4], "texture": "#0"},
				"down": {"uv": [4.33333, 4, 4, 4.33333], "texture": "#0"}
			}
		},
		{
			"from": [8, 0, 9],
			"to": [9, 1, 10],
			"rotation": {"angle": 0, "axis": "y", "origin": [8, 0, 9]},
			"faces": {
				"north": {"uv": [2, 4.33333, 2.33333, 4.66667], "texture": "#0"},
				"east": {"uv": [1.66667, 4.33333, 2, 4.66667], "texture": "#0"},
				"south": {"uv": [2.66667, 4.33333, 3, 4.66667], "texture": "#0"},
				"west": {"uv": [2.33333, 4.33333, 2.66667, 4.66667], "texture": "#0"},
				"up": {"uv": [2.33333, 4.33333, 2, 4], "texture": "#0"},
				"down": {"uv": [2.66667, 4, 2.33333, 4.33333], "texture": "#0"}
			}
		},
		{
			"from": [6, 0, 11],
			"to": [7, 1, 12],
			"rotation": {"angle": 0, "axis": "y", "origin": [6, 0, 11]},
			"faces": {
				"north": {"uv": [0.33333, 4.33333, 0.66667, 4.66667], "texture": "#0"},
				"east": {"uv": [0, 4.33333, 0.33333, 4.66667], "texture": "#0"},
				"south": {"uv": [1, 4.33333, 1.33333, 4.66667], "texture": "#0"},
				"west": {"uv": [0.66667, 4.33333, 1, 4.66667], "texture": "#0"},
				"up": {"uv": [0.66667, 4.33333, 0.33333, 4], "texture": "#0"},
				"down": {"uv": [1, 4, 0.66667, 4.33333], "texture": "#0"}
			}
		},
		{
			"from": [5, 0, 9],
			"to": [6, 1, 10],
			"rotation": {"angle": 0, "axis": "y", "origin": [5, 0, 9]},
			"faces": {
				"north": {"uv": [12, 3.33333, 12.33333, 3.66667], "texture": "#0"},
				"east": {"uv": [11.66667, 3.33333, 12, 3.66667], "texture": "#0"},
				"south": {"uv": [12.66667, 3.33333, 13, 3.66667], "texture": "#0"},
				"west": {"uv": [12.33333, 3.33333, 12.66667, 3.66667], "texture": "#0"},
				"up": {"uv": [12.33333, 3.33333, 12, 3], "texture": "#0"},
				"down": {"uv": [12.66667, 3, 12.33333, 3.33333], "texture": "#0"}
			}
		},
		{
			"from": [7, 0, 11],
			"to": [8, 1, 12],
			"rotation": {"angle": 0, "axis": "y", "origin": [7, 0, 11]},
			"faces": {
				"north": {"uv": [10.33333, 3.33333, 10.66667, 3.66667], "texture": "#0"},
				"east": {"uv": [10, 3.33333, 10.33333, 3.66667], "texture": "#0"},
				"south": {"uv": [11, 3.33333, 11.33333, 3.66667], "texture": "#0"},
				"west": {"uv": [10.66667, 3.33333, 11, 3.66667], "texture": "#0"},
				"up": {"uv": [10.66667, 3.33333, 10.33333, 3], "texture": "#0"},
				"down": {"uv": [11, 3, 10.66667, 3.33333], "texture": "#0"}
			}
		},
		{
			"from": [5, 0, 10],
			"to": [6, 1, 11],
			"rotation": {"angle": 0, "axis": "y", "origin": [5, 0, 10]},
			"faces": {
				"north": {"uv": [8.66667, 3.33333, 9, 3.66667], "texture": "#0"},
				"east": {"uv": [8.33333, 3.33333, 8.66667, 3.66667], "texture": "#0"},
				"south": {"uv": [9.33333, 3.33333, 9.66667, 3.66667], "texture": "#0"},
				"west": {"uv": [9, 3.33333, 9.33333, 3.66667], "texture": "#0"},
				"up": {"uv": [9, 3.33333, 8.66667, 3], "texture": "#0"},
				"down": {"uv": [9.33333, 3, 9, 3.33333], "texture": "#0"}
			}
		},
		{
			"from": [4, 0, 10],
			"to": [5, 1, 11],
			"rotation": {"angle": 0, "axis": "y", "origin": [4, 0, 10]},
			"faces": {
				"north": {"uv": [7, 3.33333, 7.33333, 3.66667], "texture": "#0"},
				"east": {"uv": [6.66667, 3.33333, 7, 3.66667], "texture": "#0"},
				"south": {"uv": [7.66667, 3.33333, 8, 3.66667], "texture": "#0"},
				"west": {"uv": [7.33333, 3.33333, 7.66667, 3.66667], "texture": "#0"},
				"up": {"uv": [7.33333, 3.33333, 7, 3], "texture": "#0"},
				"down": {"uv": [7.66667, 3, 7.33333, 3.33333], "texture": "#0"}
			}
		},
		{
			"from": [5, 0, 11],
			"to": [6, 1, 12],
			"rotation": {"angle": 0, "axis": "y", "origin": [5, 0, 11]},
			"faces": {
				"north": {"uv": [5.33333, 3.33333, 5.66667, 3.66667], "texture": "#0"},
				"east": {"uv": [5, 3.33333, 5.33333, 3.66667], "texture": "#0"},
				"south": {"uv": [6, 3.33333, 6.33333, 3.66667], "texture": "#0"},
				"west": {"uv": [5.66667, 3.33333, 6, 3.66667], "texture": "#0"},
				"up": {"uv": [5.66667, 3.33333, 5.33333, 3], "texture": "#0"},
				"down": {"uv": [6, 3, 5.66667, 3.33333], "texture": "#0"}
			}
		},
		{
			"from": [4, 0, 11],
			"to": [5, 1, 12],
			"rotation": {"angle": 0, "axis": "y", "origin": [4, 0, 11]},
			"faces": {
				"north": {"uv": [3.66667, 3.33333, 4, 3.66667], "texture": "#0"},
				"east": {"uv": [3.33333, 3.33333, 3.66667, 3.66667], "texture": "#0"},
				"south": {"uv": [4.33333, 3.33333, 4.66667, 3.66667], "texture": "#0"},
				"west": {"uv": [4, 3.33333, 4.33333, 3.66667], "texture": "#0"},
				"up": {"uv": [4, 3.33333, 3.66667, 3], "texture": "#0"},
				"down": {"uv": [4.33333, 3, 4, 3.33333], "texture": "#0"}
			}
		},
		{
			"from": [3, 0, 12],
			"to": [4, 1, 13],
			"rotation": {"angle": 0, "axis": "y", "origin": [3, 0, 12]},
			"faces": {
				"north": {"uv": [2, 3.33333, 2.33333, 3.66667], "texture": "#0"},
				"east": {"uv": [1.66667, 3.33333, 2, 3.66667], "texture": "#0"},
				"south": {"uv": [2.66667, 3.33333, 3, 3.66667], "texture": "#0"},
				"west": {"uv": [2.33333, 3.33333, 2.66667, 3.66667], "texture": "#0"},
				"up": {"uv": [2.33333, 3.33333, 2, 3], "texture": "#0"},
				"down": {"uv": [2.66667, 3, 2.33333, 3.33333], "texture": "#0"}
			}
		},
		{
			"from": [4, 0, 12],
			"to": [5, 1, 13],
			"rotation": {"angle": 0, "axis": "y", "origin": [4, 0, 12]},
			"faces": {
				"north": {"uv": [0.33333, 3.33333, 0.66667, 3.66667], "texture": "#0"},
				"east": {"uv": [0, 3.33333, 0.33333, 3.66667], "texture": "#0"},
				"south": {"uv": [1, 3.33333, 1.33333, 3.66667], "texture": "#0"},
				"west": {"uv": [0.66667, 3.33333, 1, 3.66667], "texture": "#0"},
				"up": {"uv": [0.66667, 3.33333, 0.33333, 3], "texture": "#0"},
				"down": {"uv": [1, 3, 0.66667, 3.33333], "texture": "#0"}
			}
		},
		{
			"from": [3, 0, 13],
			"to": [4, 1, 14],
			"rotation": {"angle": 0, "axis": "y", "origin": [3, 0, 13]},
			"faces": {
				"north": {"uv": [12, 2.33333, 12.33333, 2.66667], "texture": "#0"},
				"east": {"uv": [11.66667, 2.33333, 12, 2.66667], "texture": "#0"},
				"south": {"uv": [12.66667, 2.33333, 13, 2.66667], "texture": "#0"},
				"west": {"uv": [12.33333, 2.33333, 12.66667, 2.66667], "texture": "#0"},
				"up": {"uv": [12.33333, 2.33333, 12, 2], "texture": "#0"},
				"down": {"uv": [12.66667, 2, 12.33333, 2.33333], "texture": "#0"}
			}
		},
		{
			"from": [2, 0, 13],
			"to": [3, 1, 14],
			"rotation": {"angle": 0, "axis": "y", "origin": [2, 0, 13]},
			"faces": {
				"north": {"uv": [10.33333, 2.33333, 10.66667, 2.66667], "texture": "#0"},
				"east": {"uv": [10, 2.33333, 10.33333, 2.66667], "texture": "#0"},
				"south": {"uv": [11, 2.33333, 11.33333, 2.66667], "texture": "#0"},
				"west": {"uv": [10.66667, 2.33333, 11, 2.66667], "texture": "#0"},
				"up": {"uv": [10.66667, 2.33333, 10.33333, 2], "texture": "#0"},
				"down": {"uv": [11, 2, 10.66667, 2.33333], "texture": "#0"}
			}
		},
		{
			"from": [3, 0, 11],
			"to": [4, 1, 12],
			"rotation": {"angle": 0, "axis": "y", "origin": [3, 0, 11]},
			"faces": {
				"north": {"uv": [8.66667, 2.33333, 9, 2.66667], "texture": "#0"},
				"east": {"uv": [8.33333, 2.33333, 8.66667, 2.66667], "texture": "#0"},
				"south": {"uv": [9.33333, 2.33333, 9.66667, 2.66667], "texture": "#0"},
				"west": {"uv": [9, 2.33333, 9.33333, 2.66667], "texture": "#0"},
				"up": {"uv": [9, 2.33333, 8.66667, 2], "texture": "#0"},
				"down": {"uv": [9.33333, 2, 9, 2.33333], "texture": "#0"}
			}
		},
		{
			"from": [2, 0, 14],
			"to": [3, 1, 15],
			"rotation": {"angle": 0, "axis": "y", "origin": [2, 0, 14]},
			"faces": {
				"north": {"uv": [7, 2.33333, 7.33333, 2.66667], "texture": "#0"},
				"east": {"uv": [6.66667, 2.33333, 7, 2.66667], "texture": "#0"},
				"south": {"uv": [7.66667, 2.33333, 8, 2.66667], "texture": "#0"},
				"west": {"uv": [7.33333, 2.33333, 7.66667, 2.66667], "texture": "#0"},
				"up": {"uv": [7.33333, 2.33333, 7, 2], "texture": "#0"},
				"down": {"uv": [7.66667, 2, 7.33333, 2.33333], "texture": "#0"}
			}
		},
		{
			"from": [1, 0, 14],
			"to": [2, 1, 15],
			"rotation": {"angle": 0, "axis": "y", "origin": [1, 0, 14]},
			"faces": {
				"north": {"uv": [5.33333, 2.33333, 5.66667, 2.66667], "texture": "#0"},
				"east": {"uv": [5, 2.33333, 5.33333, 2.66667], "texture": "#0"},
				"south": {"uv": [6, 2.33333, 6.33333, 2.66667], "texture": "#0"},
				"west": {"uv": [5.66667, 2.33333, 6, 2.66667], "texture": "#0"},
				"up": {"uv": [5.66667, 2.33333, 5.33333, 2], "texture": "#0"},
				"down": {"uv": [6, 2, 5.66667, 2.33333], "texture": "#0"}
			}
		},
		{
			"from": [2, 0, 12],
			"to": [3, 1, 13],
			"rotation": {"angle": 0, "axis": "y", "origin": [2, 0, 12]},
			"faces": {
				"north": {"uv": [3.66667, 2.33333, 4, 2.66667], "texture": "#0"},
				"east": {"uv": [3.33333, 2.33333, 3.66667, 2.66667], "texture": "#0"},
				"south": {"uv": [4.33333, 2.33333, 4.66667, 2.66667], "texture": "#0"},
				"west": {"uv": [4, 2.33333, 4.33333, 2.66667], "texture": "#0"},
				"up": {"uv": [4, 2.33333, 3.66667, 2], "texture": "#0"},
				"down": {"uv": [4.33333, 2, 4, 2.33333], "texture": "#0"}
			}
		},
		{
			"from": [1, 0, 13],
			"to": [2, 1, 14],
			"rotation": {"angle": 0, "axis": "y", "origin": [1, 0, 13]},
			"faces": {
				"north": {"uv": [2, 2.33333, 2.33333, 2.66667], "texture": "#0"},
				"east": {"uv": [1.66667, 2.33333, 2, 2.66667], "texture": "#0"},
				"south": {"uv": [2.66667, 2.33333, 3, 2.66667], "texture": "#0"},
				"west": {"uv": [2.33333, 2.33333, 2.66667, 2.66667], "texture": "#0"},
				"up": {"uv": [2.33333, 2.33333, 2, 2], "texture": "#0"},
				"down": {"uv": [2.66667, 2, 2.33333, 2.33333], "texture": "#0"}
			}
		},
		{
			"from": [0, 0, 14],
			"to": [1, 1, 15],
			"rotation": {"angle": 0, "axis": "y", "origin": [0, 0, 14]},
			"faces": {
				"north": {"uv": [12, 1.33333, 12.33333, 1.66667], "texture": "#0"},
				"east": {"uv": [11.66667, 1.33333, 12, 1.66667], "texture": "#0"},
				"south": {"uv": [12.66667, 1.33333, 13, 1.66667], "texture": "#0"},
				"west": {"uv": [12.33333, 1.33333, 12.66667, 1.66667], "texture": "#0"},
				"up": {"uv": [12.33333, 1.33333, 12, 1], "texture": "#0"},
				"down": {"uv": [12.66667, 1, 12.33333, 1.33333], "texture": "#0"}
			}
		},
		{
			"from": [1, 0, 15],
			"to": [2, 1, 16],
			"rotation": {"angle": 0, "axis": "y", "origin": [1, 0, 15]},
			"faces": {
				"north": {"uv": [10.33333, 1.33333, 10.66667, 1.66667], "texture": "#0"},
				"east": {"uv": [10, 1.33333, 10.33333, 1.66667], "texture": "#0"},
				"south": {"uv": [11, 1.33333, 11.33333, 1.66667], "texture": "#0"},
				"west": {"uv": [10.66667, 1.33333, 11, 1.66667], "texture": "#0"},
				"up": {"uv": [10.66667, 1.33333, 10.33333, 1], "texture": "#0"},
				"down": {"uv": [11, 1, 10.66667, 1.33333], "texture": "#0"}
			}
		},
		{
			"from": [0, 0, 15],
			"to": [1, 1, 16],
			"rotation": {"angle": 0, "axis": "y", "origin": [0, 0, 15]},
			"faces": {
				"north": {"uv": [8.66667, 1.33333, 9, 1.66667], "texture": "#0"},
				"east": {"uv": [8.33333, 1.33333, 8.66667, 1.66667], "texture": "#0"},
				"south": {"uv": [9.33333, 1.33333, 9.66667, 1.66667], "texture": "#0"},
				"west": {"uv": [9, 1.33333, 9.33333, 1.66667], "texture": "#0"},
				"up": {"uv": [9, 1.33333, 8.66667, 1], "texture": "#0"},
				"down": {"uv": [9.33333, 1, 9, 1.33333], "texture": "#0"}
			}
		},
		{
			"from": [8, 0, 8],
			"to": [9, 1, 9],
			"rotation": {"angle": 0, "axis": "y", "origin": [8, 0, 8]},
			"faces": {
				"north": {"uv": [7, 1.33333, 7.33333, 1.66667], "texture": "#0"},
				"east": {"uv": [6.66667, 1.33333, 7, 1.66667], "texture": "#0"},
				"south": {"uv": [7.66667, 1.33333, 8, 1.66667], "texture": "#0"},
				"west": {"uv": [7.33333, 1.33333, 7.66667, 1.66667], "texture": "#0"},
				"up": {"uv": [7.33333, 1.33333, 7, 1], "texture": "#0"},
				"down": {"uv": [7.66667, 1, 7.33333, 1.33333], "texture": "#0"}
			}
		},
		{
			"from": [6, 0, 6],
			"to": [7, 1, 7],
			"rotation": {"angle": 0, "axis": "y", "origin": [6, 0, 6]},
			"faces": {
				"north": {"uv": [5.33333, 1.33333, 5.66667, 1.66667], "texture": "#0"},
				"east": {"uv": [5, 1.33333, 5.33333, 1.66667], "texture": "#0"},
				"south": {"uv": [6, 1.33333, 6.33333, 1.66667], "texture": "#0"},
				"west": {"uv": [5.66667, 1.33333, 6, 1.66667], "texture": "#0"},
				"up": {"uv": [5.66667, 1.33333, 5.33333, 1], "texture": "#0"},
				"down": {"uv": [6, 1, 5.66667, 1.33333], "texture": "#0"}
			}
		},
		{
			"from": [9, 0, 9],
			"to": [10, 1, 10],
			"rotation": {"angle": 0, "axis": "y", "origin": [9, 0, 9]},
			"faces": {
				"north": {"uv": [3.66667, 1.33333, 4, 1.66667], "texture": "#0"},
				"east": {"uv": [3.33333, 1.33333, 3.66667, 1.66667], "texture": "#0"},
				"south": {"uv": [4.33333, 1.33333, 4.66667, 1.66667], "texture": "#0"},
				"west": {"uv": [4, 1.33333, 4.33333, 1.66667], "texture": "#0"},
				"up": {"uv": [4, 1.33333, 3.66667, 1], "texture": "#0"},
				"down": {"uv": [4.33333, 1, 4, 1.33333], "texture": "#0"}
			}
		},
		{
			"from": [11, 0, 13],
			"to": [12, 1, 14],
			"rotation": {"angle": 0, "axis": "y", "origin": [11, 0, 13]},
			"faces": {
				"north": {"uv": [2, 1.33333, 2.33333, 1.66667], "texture": "#0"},
				"east": {"uv": [1.66667, 1.33333, 2, 1.66667], "texture": "#0"},
				"south": {"uv": [2.66667, 1.33333, 3, 1.66667], "texture": "#0"},
				"west": {"uv": [2.33333, 1.33333, 2.66667, 1.66667], "texture": "#0"},
				"up": {"uv": [2.33333, 1.33333, 2, 1], "texture": "#0"},
				"down": {"uv": [2.66667, 1, 2.33333, 1.33333], "texture": "#0"}
			}
		},
		{
			"from": [2, 0, 4],
			"to": [3, 1, 5],
			"rotation": {"angle": 0, "axis": "y", "origin": [2, 0, 4]},
			"faces": {
				"north": {"uv": [0.33333, 1.33333, 0.66667, 1.66667], "texture": "#0"},
				"east": {"uv": [0, 1.33333, 0.33333, 1.66667], "texture": "#0"},
				"south": {"uv": [1, 1.33333, 1.33333, 1.66667], "texture": "#0"},
				"west": {"uv": [0.66667, 1.33333, 1, 1.66667], "texture": "#0"},
				"up": {"uv": [0.66667, 1.33333, 0.33333, 1], "texture": "#0"},
				"down": {"uv": [1, 1, 0.66667, 1.33333], "texture": "#0"}
			}
		},
		{
			"from": [11, 0, 14],
			"to": [12, 1, 15],
			"rotation": {"angle": 0, "axis": "y", "origin": [11, 0, 14]},
			"faces": {
				"north": {"uv": [12, 0.33333, 12.33333, 0.66667], "texture": "#0"},
				"east": {"uv": [11.66667, 0.33333, 12, 0.66667], "texture": "#0"},
				"south": {"uv": [12.66667, 0.33333, 13, 0.66667], "texture": "#0"},
				"west": {"uv": [12.33333, 0.33333, 12.66667, 0.66667], "texture": "#0"},
				"up": {"uv": [12.33333, 0.33333, 12, 0], "texture": "#0"},
				"down": {"uv": [12.66667, 0, 12.33333, 0.33333], "texture": "#0"}
			}
		},
		{
			"from": [1, 0, 4],
			"to": [2, 1, 5],
			"rotation": {"angle": 0, "axis": "y", "origin": [1, 0, 4]},
			"faces": {
				"north": {"uv": [10.33333, 0.33333, 10.66667, 0.66667], "texture": "#0"},
				"east": {"uv": [10, 0.33333, 10.33333, 0.66667], "texture": "#0"},
				"south": {"uv": [11, 0.33333, 11.33333, 0.66667], "texture": "#0"},
				"west": {"uv": [10.66667, 0.33333, 11, 0.66667], "texture": "#0"},
				"up": {"uv": [10.66667, 0.33333, 10.33333, 0], "texture": "#0"},
				"down": {"uv": [11, 0, 10.66667, 0.33333], "texture": "#0"}
			}
		},
		{
			"from": [12, 0, 14],
			"to": [13, 1, 15],
			"rotation": {"angle": 0, "axis": "y", "origin": [12, 0, 14]},
			"faces": {
				"north": {"uv": [8.66667, 0.33333, 9, 0.66667], "texture": "#0"},
				"east": {"uv": [8.33333, 0.33333, 8.66667, 0.66667], "texture": "#0"},
				"south": {"uv": [9.33333, 0.33333, 9.66667, 0.66667], "texture": "#0"},
				"west": {"uv": [9, 0.33333, 9.33333, 0.66667], "texture": "#0"},
				"up": {"uv": [9, 0.33333, 8.66667, 0], "texture": "#0"},
				"down": {"uv": [9.33333, 0, 9, 0.33333], "texture": "#0"}
			}
		},
		{
			"from": [1, 0, 3],
			"to": [2, 1, 4],
			"rotation": {"angle": 0, "axis": "y", "origin": [1, 0, 3]},
			"faces": {
				"north": {"uv": [7, 0.33333, 7.33333, 0.66667], "texture": "#0"},
				"east": {"uv": [6.66667, 0.33333, 7, 0.66667], "texture": "#0"},
				"south": {"uv": [7.66667, 0.33333, 8, 0.66667], "texture": "#0"},
				"west": {"uv": [7.33333, 0.33333, 7.66667, 0.66667], "texture": "#0"},
				"up": {"uv": [7.33333, 0.33333, 7, 0], "texture": "#0"},
				"down": {"uv": [7.66667, 0, 7.33333, 0.33333], "texture": "#0"}
			}
		},
		{
			"from": [8, 0, 7],
			"to": [9, 1, 8],
			"rotation": {"angle": 0, "axis": "y", "origin": [8, 0, 7]},
			"faces": {
				"north": {"uv": [5.33333, 0.33333, 5.66667, 0.66667], "texture": "#0"},
				"east": {"uv": [5, 0.33333, 5.33333, 0.66667], "texture": "#0"},
				"south": {"uv": [6, 0.33333, 6.33333, 0.66667], "texture": "#0"},
				"west": {"uv": [5.66667, 0.33333, 6, 0.66667], "texture": "#0"},
				"up": {"uv": [5.66667, 0.33333, 5.33333, 0], "texture": "#0"},
				"down": {"uv": [6, 0, 5.66667, 0.33333], "texture": "#0"}
			}
		},
		{
			"from": [14, 0, 0],
			"to": [15, 1, 1],
			"rotation": {"angle": 0, "axis": "y", "origin": [14, 0, 0]},
			"faces": {
				"north": {"uv": [3.66667, 0.33333, 4, 0.66667], "texture": "#0"},
				"east": {"uv": [3.33333, 0.33333, 3.66667, 0.66667], "texture": "#0"},
				"south": {"uv": [4.33333, 0.33333, 4.66667, 0.66667], "texture": "#0"},
				"west": {"uv": [4, 0.33333, 4.33333, 0.66667], "texture": "#0"},
				"up": {"uv": [4, 0.33333, 3.66667, 0], "texture": "#0"},
				"down": {"uv": [4.33333, 0, 4, 0.33333], "texture": "#0"}
			}
		},
		{
			"from": [15, 0, 0],
			"to": [16, 1, 1],
			"rotation": {"angle": 0, "axis": "y", "origin": [15, 0, 0]},
			"faces": {
				"north": {"uv": [2, 0.33333, 2.33333, 0.66667], "texture": "#0"},
				"east": {"uv": [1.66667, 0.33333, 2, 0.66667], "texture": "#0"},
				"south": {"uv": [2.66667, 0.33333, 3, 0.66667], "texture": "#0"},
				"west": {"uv": [2.33333, 0.33333, 2.66667, 0.66667], "texture": "#0"},
				"up": {"uv": [2.33333, 0.33333, 2, 0], "texture": "#0"},
				"down": {"uv": [2.66667, 0, 2.33333, 0.33333], "texture": "#0"}
			}
		},
		{
			"from": [15, 0, 2],
			"to": [16, 1, 3],
			"rotation": {"angle": 0, "axis": "y", "origin": [15, 0, 2]},
			"faces": {
				"north": {"uv": [0.33333, 0.33333, 0.66667, 0.66667], "texture": "#0"},
				"east": {"uv": [0, 0.33333, 0.33333, 0.66667], "texture": "#0"},
				"south": {"uv": [1, 0.33333, 1.33333, 0.66667], "texture": "#0"},
				"west": {"uv": [0.66667, 0.33333, 1, 0.66667], "texture": "#0"},
				"up": {"uv": [0.66667, 0.33333, 0.33333, 0], "texture": "#0"},
				"down": {"uv": [1, 0, 0.66667, 0.33333], "texture": "#0"}
			}
		},
		{
			"from": [8, 0, 7],
			"to": [9, 1, 8],
			"rotation": {"angle": 0, "axis": "y", "origin": [8, 0, 7]},
			"faces": {
				"north": {"uv": [0.33333, 0.33333, 0.66667, 0.66667], "texture": "#0"},
				"east": {"uv": [0, 0.33333, 0.33333, 0.66667], "texture": "#0"},
				"south": {"uv": [1, 0.33333, 1.33333, 0.66667], "texture": "#0"},
				"west": {"uv": [0.66667, 0.33333, 1, 0.66667], "texture": "#0"},
				"up": {"uv": [0.66667, 0.33333, 0.33333, 0], "texture": "#0"},
				"down": {"uv": [1, 0, 0.66667, 0.33333], "texture": "#0"}
			}
		},
		{
			"from": [4, 0, 9],
			"to": [5, 1, 10],
			"rotation": {"angle": 0, "axis": "y", "origin": [4, 0, 9]},
			"faces": {
				"north": {"uv": [0.33333, 0.33333, 0.66667, 0.66667], "texture": "#0"},
				"east": {"uv": [0, 0.33333, 0.33333, 0.66667], "texture": "#0"},
				"south": {"uv": [1, 0.33333, 1.33333, 0.66667], "texture": "#0"},
				"west": {"uv": [0.66667, 0.33333, 1, 0.66667], "texture": "#0"},
				"up": {"uv": [0.66667, 0.33333, 0.33333, 0], "texture": "#0"},
				"down": {"uv": [1, 0, 0.66667, 0.33333], "texture": "#0"}
			}
		},
		{
			"from": [4, 0, 8],
			"to": [5, 1, 9],
			"rotation": {"angle": 0, "axis": "y", "origin": [4, 0, 8]},
			"faces": {
				"north": {"uv": [0.33333, 0.33333, 0.66667, 0.66667], "texture": "#0"},
				"east": {"uv": [0, 0.33333, 0.33333, 0.66667], "texture": "#0"},
				"south": {"uv": [1, 0.33333, 1.33333, 0.66667], "texture": "#0"},
				"west": {"uv": [0.66667, 0.33333, 1, 0.66667], "texture": "#0"},
				"up": {"uv": [0.66667, 0.33333, 0.33333, 0], "texture": "#0"},
				"down": {"uv": [1, 0, 0.66667, 0.33333], "texture": "#0"}
			}
		}
	]
}